{"cameraMode":{"drawMode":0,"name":"Shaded","section":"Shading Mode"},"sceneLighting":false,"audioPlay":false,"sceneViewState":{"showFog":true,"showMaterialUpdate":false,"showSkybox":false,"showFlares":true,"showImageEffects":true,"showParticleSystems":true},"in2DMode":false,"pivot":{"x":3.5793204307556154,"y":0.5,"z":2.6600000858306886},"rotation":{"x":-0.26259303092956545,"y":-0.3820009231567383,"z":0.11415857821702957,"w":-0.8786854147911072},"size":2.029235601425171,"orthographic":true}